{
    "rmse": 0.6173858497892364,
    "mae": 0.6344189913577087,
    "r2_score": 0.1127167607011148
}